date,1. open,2. high,3. low,4. close,5. volume
2015-12-22 00:00:00-05:00,1.61,1.75,1.53,1.7,275674
2015-12-23 00:00:00-05:00,1.73,1.89,1.72,1.86,264511
2015-12-24 00:00:00-05:00,1.85,1.85,1.72,1.7899,45272
2015-12-28 00:00:00-05:00,1.79,1.845,1.66,1.73,161984
2015-12-29 00:00:00-05:00,1.71,1.78,1.61,1.6198,183393
2015-12-30 00:00:00-05:00,1.6,1.66,1.521,1.55,212390
2015-12-31 00:00:00-05:00,1.55,1.67,1.55,1.67,192780
2016-01-04 00:00:00-05:00,1.6,1.64,1.5,1.62,111904
2016-01-05 00:00:00-05:00,1.62,1.82,1.62,1.75,245124
2016-01-06 00:00:00-05:00,1.77,1.77,1.71,1.72,97301
2016-01-07 00:00:00-05:00,1.7,1.7,1.56,1.57,133963
2016-01-08 00:00:00-05:00,1.58,1.63,1.4,1.44,189829
2016-01-11 00:00:00-05:00,1.45,1.54,1.42,1.42,86659
2016-01-12 00:00:00-05:00,1.43,1.43,1.24,1.33,84693
2016-01-13 00:00:00-05:00,1.34,1.49,1.25,1.275,129570
2016-01-14 00:00:00-05:00,1.26,1.39,1.25,1.31,64355
2016-01-15 00:00:00-05:00,1.29,1.36,1.24,1.33,78371
2016-01-19 00:00:00-05:00,1.35,1.439,1.23,1.28,45754
2016-01-20 00:00:00-05:00,1.27,1.39,1.2203,1.36,139151
2016-01-21 00:00:00-05:00,1.38,1.38,1.32,1.375,31304
2016-01-22 00:00:00-05:00,1.38,1.5,1.37,1.4434,100209
2016-01-25 00:00:00-05:00,1.41,1.55,1.41,1.46,37033
2016-01-26 00:00:00-05:00,1.45,1.52,1.38,1.48,73530
2016-01-27 00:00:00-05:00,1.47,1.5,1.46,1.46,12344
2016-01-28 00:00:00-05:00,1.47,1.55,1.45,1.49,26846
2016-01-29 00:00:00-05:00,1.46,1.5,1.42,1.46,40179
2016-02-01 00:00:00-05:00,1.42,1.47,1.34,1.34,59703
2016-02-02 00:00:00-05:00,1.36,1.41,1.26,1.26,80373
2016-02-03 00:00:00-05:00,1.29,1.337,1.2,1.21,217268
2016-02-04 00:00:00-05:00,1.25,1.26,1.18,1.2,120633
2016-02-05 00:00:00-05:00,1.2,1.285,1.17,1.18,75933
2016-02-08 00:00:00-05:00,1.15,1.24,1.08,1.09,99314
2016-02-09 00:00:00-05:00,1.09,1.1499,1.08,1.08,51960
2016-02-10 00:00:00-05:00,1.15,1.15,1.08,1.08,72167
2016-02-11 00:00:00-05:00,1.14,1.14,1.09,1.13,41099
2016-02-12 00:00:00-05:00,1.12,1.1399,1.08,1.08,64448
2016-02-16 00:00:00-05:00,1.08,1.11,1.08,1.1,43927
2016-02-17 00:00:00-05:00,1.1,1.17,1.1,1.14,178211
2016-02-18 00:00:00-05:00,1.16,1.2,1.11,1.12,108533
2016-02-19 00:00:00-05:00,1.11,1.15,1.0899,1.12,49768
2016-02-22 00:00:00-05:00,1.13,1.19,1.08,1.18,115867
2016-02-23 00:00:00-05:00,1.19,1.19,1.11,1.15,87386
2016-02-24 00:00:00-05:00,1.17,1.19,1.09,1.11,71797
2016-02-25 00:00:00-05:00,1.11,1.19,1.08,1.18,92981
2016-02-26 00:00:00-05:00,1.18,1.24,1.11,1.22,79704
2016-02-29 00:00:00-05:00,1.24,1.24,1.17,1.22,47130
2016-03-01 00:00:00-05:00,1.29,1.29,1.23,1.24,27907
2016-03-02 00:00:00-05:00,1.22,1.41,1.22,1.38,67858
2016-03-03 00:00:00-05:00,1.4,1.43,1.31,1.35,60545
2016-03-04 00:00:00-05:00,1.37,1.47,1.25,1.45,118519
2016-03-07 00:00:00-05:00,1.43,1.53,1.3,1.52,143542
2016-03-08 00:00:00-05:00,1.5,1.65,1.44,1.5,122855
2016-03-09 00:00:00-05:00,1.5,1.54,1.36,1.425,85029
2016-03-10 00:00:00-05:00,1.45,1.6,1.45,1.59,171066
2016-03-11 00:00:00-05:00,1.59,1.6,1.47,1.52,143968
2016-03-14 00:00:00-04:00,1.52,1.615,1.49,1.5,104967
2016-03-15 00:00:00-04:00,1.55,1.55,1.29,1.34,167568
2016-03-16 00:00:00-04:00,1.35,1.39,1.205,1.26,124261
2016-03-17 00:00:00-04:00,1.28,1.29,1.2,1.24,62336
2016-03-18 00:00:00-04:00,1.26,1.37,1.21,1.325,186372
2016-03-21 00:00:00-04:00,1.33,1.45,1.31,1.39,88675
2016-03-22 00:00:00-04:00,1.38,1.4,1.3,1.37,98487
2016-03-23 00:00:00-04:00,1.389,1.45,1.36,1.4,64570
2016-03-24 00:00:00-04:00,1.4,1.45,1.3501,1.4,71431
2016-03-28 00:00:00-04:00,1.44,1.6,1.35,1.45,120300
2016-03-29 00:00:00-04:00,1.42,1.5,1.39,1.4399,72589
2016-03-30 00:00:00-04:00,1.45,1.58,1.43,1.515,173869
2016-03-31 00:00:00-04:00,1.54,1.55,1.43,1.44,133529
2016-04-01 00:00:00-04:00,1.44,1.47,1.4075,1.4301,99352
2016-04-04 00:00:00-04:00,1.46,1.5695,1.46,1.47,130384
2016-04-05 00:00:00-04:00,1.46,1.53,1.45,1.5,79010
2016-04-06 00:00:00-04:00,1.5,1.57,1.47,1.56,181815
2016-04-07 00:00:00-04:00,1.55,1.63,1.5,1.59,416991
2016-04-08 00:00:00-04:00,1.58,1.63,1.45,1.51,285424
2016-04-11 00:00:00-04:00,1.51,1.52,1.41,1.45,153406
2016-04-12 00:00:00-04:00,1.46,1.58,1.43,1.45,105631
2016-04-13 00:00:00-04:00,1.47,1.5,1.44,1.44,88440
2016-04-14 00:00:00-04:00,1.46,1.57,1.45,1.51,303969
2016-04-15 00:00:00-04:00,1.5,1.7,1.49,1.67,356606
2016-04-18 00:00:00-04:00,1.67,1.75,1.6101,1.7,365222
2016-04-19 00:00:00-04:00,1.7,1.72,1.56,1.62,303935
2016-04-20 00:00:00-04:00,1.65,1.65,1.46,1.48,242821
2016-04-21 00:00:00-04:00,1.52,1.62,1.4901,1.53,96636
2016-04-22 00:00:00-04:00,1.56,1.58,1.5184,1.53,35972
2016-04-25 00:00:00-04:00,1.53,1.6,1.4966,1.51,108882
2016-04-26 00:00:00-04:00,1.51,1.56,1.51,1.54,47065
2016-04-27 00:00:00-04:00,1.55,1.58,1.55,1.56,41235
2016-04-28 00:00:00-04:00,1.57,1.57,1.45,1.46,197545
2016-04-29 00:00:00-04:00,1.48,1.49,1.41,1.41,74979
2016-05-02 00:00:00-04:00,1.44,1.44,1.3,1.34,258411
2016-05-03 00:00:00-04:00,1.34,1.3699,1.3,1.32,93704
2016-05-04 00:00:00-04:00,1.33,1.35,1.28,1.3,84733
2016-05-05 00:00:00-04:00,1.3,1.33,1.26,1.28,60696
2016-05-06 00:00:00-04:00,1.29,1.29,1.25,1.25,74164
2016-05-09 00:00:00-04:00,1.26,1.28,1.25,1.2601,47786
2016-05-10 00:00:00-04:00,1.29,1.38,1.26,1.3726,112135
2016-05-11 00:00:00-04:00,1.26,1.58,1.25,1.54,194186
2016-05-12 00:00:00-04:00,1.59,1.59,1.4101,1.45,49583
2016-05-13 00:00:00-04:00,1.5,1.54,1.42,1.5,99781
2016-05-16 00:00:00-04:00,1.44,1.56,1.44,1.51,91778
2016-05-17 00:00:00-04:00,1.67,1.7,1.45,1.46,262443
2016-05-18 00:00:00-04:00,1.45,1.55,1.45,1.46,137335
2016-05-19 00:00:00-04:00,1.49,1.55,1.41,1.53,96351
2016-05-20 00:00:00-04:00,1.52,1.56,1.52,1.52,56331
2016-05-23 00:00:00-04:00,1.54,1.5899,1.51,1.53,143624
2016-05-24 00:00:00-04:00,1.54,1.64,1.458,1.46,169794
2016-05-25 00:00:00-04:00,1.48,1.55,1.39,1.46,210668
2016-05-26 00:00:00-04:00,1.45,1.48,1.4,1.41,60186
2016-05-27 00:00:00-04:00,1.42,1.54,1.42,1.48,38571
2016-05-31 00:00:00-04:00,1.49,1.58,1.45,1.48,89713
2016-06-01 00:00:00-04:00,1.49,1.54,1.48,1.5,45317
2016-06-02 00:00:00-04:00,1.52,1.59,1.5,1.52,175248
2016-06-03 00:00:00-04:00,1.51,1.57,1.42,1.4401,71858
2016-06-06 00:00:00-04:00,1.45,1.49,1.45,1.47,73815
2016-06-07 00:00:00-04:00,1.46,1.47,1.44,1.46,48061
2016-06-08 00:00:00-04:00,1.48,1.5,1.44,1.48,100099
2016-06-09 00:00:00-04:00,1.47,1.4999,1.45,1.47,26734
2016-06-10 00:00:00-04:00,1.45,1.48,1.36,1.42,56553
2016-06-13 00:00:00-04:00,1.4,1.45,1.37,1.4,25958
2016-06-14 00:00:00-04:00,1.39,1.45,1.35,1.43,60565
2016-06-15 00:00:00-04:00,1.42,1.45,1.42,1.43,28691
2016-06-16 00:00:00-04:00,1.42,1.44,1.35,1.38,80938
2016-06-17 00:00:00-04:00,1.41,1.43,1.35,1.4,43956
2016-06-20 00:00:00-04:00,1.4699,1.4699,1.35,1.4,50963
2016-06-21 00:00:00-04:00,1.38,1.415,1.36,1.41,47272
2016-06-22 00:00:00-04:00,1.39,1.43,1.36,1.42,98431
2016-06-23 00:00:00-04:00,1.45,1.47,1.364,1.47,100487
2016-06-24 00:00:00-04:00,1.3,1.47,1.295,1.445,81497
2016-06-27 00:00:00-04:00,1.52,1.52,1.39,1.47,141633
2016-06-28 00:00:00-04:00,1.48,1.51,1.4756,1.49,53063
2016-06-29 00:00:00-04:00,1.4796,1.61,1.479,1.56,221636
2016-06-30 00:00:00-04:00,1.57,1.6297,1.45,1.5,156937
2016-07-01 00:00:00-04:00,1.54,1.6,1.51,1.52,62714
2016-07-05 00:00:00-04:00,1.53,1.56,1.48,1.53,36838
2016-07-06 00:00:00-04:00,1.52,1.55,1.49,1.53,23287
2016-07-07 00:00:00-04:00,1.53,1.54,1.5,1.5216,29284
2016-07-08 00:00:00-04:00,1.53,1.57,1.5083,1.56,50771
2016-07-11 00:00:00-04:00,1.57,1.6,1.56,1.57,60941
2016-07-12 00:00:00-04:00,1.6,1.6145,1.53,1.55,59451
2016-07-13 00:00:00-04:00,1.56,1.56,1.48,1.48,85301
2016-07-14 00:00:00-04:00,1.51,1.56,1.48,1.52,39174
2016-07-15 00:00:00-04:00,1.54,1.56,1.5,1.52,29173
2016-07-18 00:00:00-04:00,1.54,1.57,1.516,1.53,28990
2016-07-19 00:00:00-04:00,1.53,1.56,1.51,1.53,27049
2016-07-20 00:00:00-04:00,1.54,1.54,1.48,1.5,47977
2016-07-21 00:00:00-04:00,1.49,1.52,1.45,1.48,43950
2016-07-22 00:00:00-04:00,1.49,1.52,1.45,1.5,25896
2016-07-25 00:00:00-04:00,1.52,1.59,1.52,1.55,39159
2016-07-26 00:00:00-04:00,1.56,1.6,1.52,1.555,48404
2016-07-27 00:00:00-04:00,1.58,1.58,1.51,1.58,54712
2016-07-28 00:00:00-04:00,1.59,1.6,1.4907,1.57,47651
2016-07-29 00:00:00-04:00,1.54,1.66,1.54,1.65,270368
2016-08-01 00:00:00-04:00,1.63,2.06,1.63,1.9,901582
2016-08-02 00:00:00-04:00,1.98,2.0699,1.91,2.04,443353
2016-08-03 00:00:00-04:00,2.07,2.16,1.89,1.98,322864
2016-08-04 00:00:00-04:00,1.98,2.05,1.83,2,174077
2016-08-05 00:00:00-04:00,2.02,2.1,1.97,2.05,144345
2016-08-08 00:00:00-04:00,2.1,2.25,2.05,2.16,286737
2016-08-09 00:00:00-04:00,2.25,2.42,2.08,2.11,314593
2016-08-10 00:00:00-04:00,2.17,2.17,1.7174,1.79,311949
2016-08-11 00:00:00-04:00,1.91,1.9399,1.76,1.87,150910
2016-08-12 00:00:00-04:00,1.9,1.97,1.76,1.93,87247
2016-08-15 00:00:00-04:00,1.95,1.98,1.83,1.91,106014
2016-08-16 00:00:00-04:00,1.85,1.93,1.8,1.88,214012
2016-08-17 00:00:00-04:00,1.87,1.92,1.81,1.8701,60034
2016-08-18 00:00:00-04:00,1.86,2.055,1.82,1.97,113876
2016-08-19 00:00:00-04:00,2.01,2.07,1.8801,2,138895
2016-08-22 00:00:00-04:00,1.99,2.0695,1.88,1.94,116855
2016-08-23 00:00:00-04:00,1.97,2.05,1.89,1.99,73395
2016-08-24 00:00:00-04:00,2,2.04,1.94,1.94,32391
2016-08-25 00:00:00-04:00,1.85,1.85,1.7,1.739,267739
2016-08-26 00:00:00-04:00,1.8,1.8,1.56,1.62,144011
2016-08-29 00:00:00-04:00,1.57,1.74,1.57,1.7101,92727
2016-08-30 00:00:00-04:00,1.73,1.82,1.63,1.74,60857
2016-08-31 00:00:00-04:00,1.74,1.76,1.6601,1.7201,38741
2016-09-01 00:00:00-04:00,1.73,1.74,1.65,1.65,63808
2016-09-02 00:00:00-04:00,1.68,1.75,1.64,1.7,29480
2016-09-06 00:00:00-04:00,1.69,1.79,1.66,1.69,92570
2016-09-07 00:00:00-04:00,1.68,1.76,1.68,1.68,79580
2016-09-08 00:00:00-04:00,1.7,1.76,1.7,1.73,28263
2016-09-09 00:00:00-04:00,1.71,1.7431,1.69,1.69,58630
2016-09-12 00:00:00-04:00,1.63,1.71,1.63,1.69,58006
2016-09-13 00:00:00-04:00,1.7,1.714,1.67,1.68,30875
2016-09-14 00:00:00-04:00,1.66,1.7,1.66,1.68,24649
2016-09-15 00:00:00-04:00,1.68,1.73,1.61,1.71,151771
2016-09-16 00:00:00-04:00,1.65,1.71,1.65,1.67,65877
2016-09-19 00:00:00-04:00,1.69,1.6999,1.66,1.67,35320
2016-09-20 00:00:00-04:00,1.96,2.06,1.83,1.9178,949539
2016-09-21 00:00:00-04:00,1.99,2.73,1.95,2.63,7167188
2016-09-22 00:00:00-04:00,2.87,3.05,2.61,2.85,6644552
2016-09-23 00:00:00-04:00,2.8,2.85,2.6,2.72,1800398
2016-09-26 00:00:00-04:00,2.7,2.7,2.33,2.53,1483319
2016-09-27 00:00:00-04:00,2.5,2.529,2.34,2.47,528659
2016-09-28 00:00:00-04:00,1.21,1.59,1.13,1.4,7091663
2016-09-29 00:00:00-04:00,1.33,1.38,1.18,1.2199,2286982
2016-09-30 00:00:00-04:00,1.23,1.23,1.1,1.13,1598067
2016-10-03 00:00:00-04:00,1.12,1.15,1.08,1.15,787011
2016-10-04 00:00:00-04:00,1.15,1.18,1.09,1.11,686428
2016-10-05 00:00:00-04:00,1.09,1.12,1.04,1.05,466335
2016-10-06 00:00:00-04:00,1.05,1.09,1,1,433936
2016-10-07 00:00:00-04:00,1.06,1.06,0.94,0.9453,638371
2016-10-10 00:00:00-04:00,0.98,0.9898,0.9301,0.94,181598
2016-10-11 00:00:00-04:00,0.93,0.9399,0.9,0.9191,238871
2016-10-12 00:00:00-04:00,0.92,0.9388,0.89,0.91,194657
2016-10-13 00:00:00-04:00,0.882,0.89,0.832,0.88,216314
2016-10-14 00:00:00-04:00,0.87,0.9099,0.8263,0.87,125044
2016-10-17 00:00:00-04:00,0.85,0.86,0.8,0.8548,161004
2016-10-18 00:00:00-04:00,0.84,0.88,0.8,0.8798,111621
2016-10-19 00:00:00-04:00,0.84,0.88,0.8301,0.855,216807
2016-10-20 00:00:00-04:00,0.83,0.86,0.8037,0.8501,121301
2016-10-21 00:00:00-04:00,0.84,0.85,0.8151,0.8151,108552
2016-10-24 00:00:00-04:00,0.83,0.845,0.8,0.8,183656
2016-10-25 00:00:00-04:00,0.8,0.83,0.8,0.81,131765
2016-10-26 00:00:00-04:00,0.8,0.82,0.77,0.78,239577
2016-10-27 00:00:00-04:00,0.8,0.8,0.76,0.7692,124287
2016-10-28 00:00:00-04:00,0.76,0.77,0.727,0.73,253131
2016-10-31 00:00:00-04:00,0.75,0.77,0.6899,0.71,311055
2016-11-01 00:00:00-04:00,0.72,0.72,0.6,0.6601,511206
2016-11-02 00:00:00-04:00,0.66,0.7169,0.62,0.6401,115131
2016-11-03 00:00:00-04:00,0.621,0.65,0.49,0.52,417827
2016-11-04 00:00:00-04:00,0.5,0.7,0.5,0.65,863255
2016-11-07 00:00:00-05:00,0.61,0.7,0.5825,0.61,277232
2016-11-08 00:00:00-05:00,0.6195,0.68,0.6,0.6099,93995
2016-11-09 00:00:00-05:00,0.64,0.6799,0.6005,0.6301,205012
2016-11-10 00:00:00-05:00,0.7,0.93,0.7,0.8119,1235612
2016-11-11 00:00:00-05:00,0.799,0.93,0.7801,0.9171,528891
2016-11-14 00:00:00-05:00,0.99,1.05,0.95,1.04,752811
2016-11-15 00:00:00-05:00,1.1,1.1,1.04,1.06,622495
2016-11-16 00:00:00-05:00,1.07,1.1,1.04,1.0499,235846
2016-11-17 00:00:00-05:00,1.07,1.07,1.04,1.04,237014
2016-11-18 00:00:00-05:00,1.05,1.066,0.85,0.95,405463
2016-11-21 00:00:00-05:00,0.96,1.0025,0.9,0.9732,160851
2016-11-22 00:00:00-05:00,0.94,0.97,0.925,0.9253,66593
2016-11-23 00:00:00-05:00,0.94,0.99,0.91,0.91,93634
2016-11-25 00:00:00-05:00,0.91,0.91,0.868,0.8901,82980
2016-11-28 00:00:00-05:00,0.87,0.97,0.87,0.9,83532
2016-11-29 00:00:00-05:00,0.87,0.8999,0.808,0.815,176098
2016-11-30 00:00:00-05:00,0.82,0.8725,0.808,0.8201,143695
2016-12-01 00:00:00-05:00,0.82,0.89,0.82,0.8601,162050
2016-12-02 00:00:00-05:00,0.874,0.89,0.85,0.8708,65107
2016-12-05 00:00:00-05:00,0.8515,0.8808,0.84,0.88,46546
2016-12-06 00:00:00-05:00,0.88,0.9187,0.85,0.8704,140808
2016-12-07 00:00:00-05:00,0.8704,0.92,0.87,0.87,98519
2016-12-08 00:00:00-05:00,0.87,0.939,0.87,0.939,135525
2016-12-09 00:00:00-05:00,0.9262,1.03,0.9014,1.0199,362709
2016-12-12 00:00:00-05:00,1.03,1.05,0.932,0.96,340282
2016-12-13 00:00:00-05:00,0.99,1,0.93,0.9999,120295
2016-12-14 00:00:00-05:00,1.03,1.03,0.95,0.9501,137864
2016-12-15 00:00:00-05:00,0.93,0.99,0.88,0.89,100069
2016-12-16 00:00:00-05:00,0.89,0.9349,0.88,0.89,103210
2016-12-19 00:00:00-05:00,0.91,0.94,0.88,0.903,57458
2016-12-20 00:00:00-05:00,0.99,1.17,0.912,0.978,1856892
2016-12-21 00:00:00-05:00,0.9941,0.9999,0.9201,0.9293,277427
2016-12-22 00:00:00-05:00,0.93,1.03,0.92,1.03,266771
2016-12-23 00:00:00-05:00,1.05,1.08,1,1.01,313683
2016-12-27 00:00:00-05:00,1.05,1.1,1,1.07,532526
2016-12-28 00:00:00-05:00,1.05,1.1,1,1.03,260985
2016-12-29 00:00:00-05:00,1.07,1.17,1.01,1.02,585376
2016-12-30 00:00:00-05:00,1.02,1.0643,0.97,0.97,270138
2017-01-03 00:00:00-05:00,0.97,1.05,0.9548,1.03,88323
2017-01-04 00:00:00-05:00,1.04,1.11,1,1.06,457248
2017-01-05 00:00:00-05:00,1.05,1.1099,1.0302,1.07,169953
2017-01-06 00:00:00-05:00,1.07,1.0899,1.01,1.05,98952
2017-01-09 00:00:00-05:00,1.06,1.07,1.02,1.02,134988
2017-01-10 00:00:00-05:00,1.06,1.08,1.02,1.06,113087
2017-01-11 00:00:00-05:00,1.03,1.08,1,1.08,350056
2017-01-12 00:00:00-05:00,1.06,1.09,1.01,1.06,283167
2017-01-13 00:00:00-05:00,1.07,1.18,1.07,1.13,1892692
2017-01-17 00:00:00-05:00,1.16,1.17,1,1.01,983050
2017-01-18 00:00:00-05:00,1.05,1.0599,1,1.02,254208
2017-01-19 00:00:00-05:00,1.06,1.07,1,1.03,216377
2017-01-20 00:00:00-05:00,1.03,1.03,0.99,1.01,267418
2017-01-23 00:00:00-05:00,1.03,1.03,0.935,0.9549,276114
2017-01-24 00:00:00-05:00,0.99,0.99,0.945,0.9504,117893
2017-01-25 00:00:00-05:00,0.98,0.99,0.95,0.9899,104512
2017-01-26 00:00:00-05:00,0.99,0.99,0.96,0.99,89863
2017-01-27 00:00:00-05:00,0.99,1,0.97,0.99,99196
2017-01-30 00:00:00-05:00,0.9778,1,0.961,1,129648
2017-01-31 00:00:00-05:00,1,1,0.9801,0.99,81854
2017-02-01 00:00:00-05:00,1,1.06,0.9815,1.0099,298476
2017-02-02 00:00:00-05:00,1.03,1.06,0.9715,1.03,236003
2017-02-03 00:00:00-05:00,1.05,1.07,1,1.05,200024
2017-02-06 00:00:00-05:00,1.03,1.28,1.01,1.17,1007432
2017-02-07 00:00:00-05:00,1.15,1.42,1.15,1.27,1986290
2017-02-08 00:00:00-05:00,1.23,1.29,1.15,1.19,498134
2017-02-09 00:00:00-05:00,1.2,1.29,1.1501,1.26,488144
2017-02-10 00:00:00-05:00,1.35,1.359,1.27,1.28,441679
2017-02-13 00:00:00-05:00,1.35,1.36,1.27,1.2713,565700
2017-02-14 00:00:00-05:00,1.28,1.85,1.2701,1.8,2708698
2017-02-15 00:00:00-05:00,1.66,1.78,1.4,1.4601,1285259
2017-02-16 00:00:00-05:00,1.55,1.63,1.44,1.4734,650930
2017-02-17 00:00:00-05:00,1.5,1.53,1.44,1.47,219116
2017-02-21 00:00:00-05:00,1.54,1.94,1.47,1.94,1828952
2017-02-22 00:00:00-05:00,1.84,2.2101,1.63,1.71,2209225
2017-02-23 00:00:00-05:00,1.71,1.89,1.57,1.7824,508325
2017-02-24 00:00:00-05:00,1.8,1.9,1.72,1.88,341279
2017-02-27 00:00:00-05:00,1.9,1.9,1.75,1.86,344756
2017-02-28 00:00:00-05:00,1.88,1.89,1.7547,1.89,222784
2017-03-01 00:00:00-05:00,1.89,1.9,1.82,1.855,307031
2017-03-02 00:00:00-05:00,1.86,1.86,1.66,1.68,319773
2017-03-03 00:00:00-05:00,1.67,1.75,1.6,1.72,280987
2017-03-06 00:00:00-05:00,1.93,1.95,1.681,1.73,994100
2017-03-07 00:00:00-05:00,1.77,1.82,1.68,1.69,210410
2017-03-08 00:00:00-05:00,1.65,1.8519,1.65,1.75,373237
2017-03-09 00:00:00-05:00,1.74,1.84,1.71,1.815,208333
2017-03-10 00:00:00-05:00,1.85,2.05,1.8401,1.92,2280903
2017-03-13 00:00:00-04:00,1.92,1.929,1.72,1.8138,544083
2017-03-14 00:00:00-04:00,1.87,1.955,1.78,1.8601,652066
2017-03-15 00:00:00-04:00,1.9,1.9,1.85,1.87,218353
2017-03-16 00:00:00-04:00,1.9,2.14,1.8601,2.12,1242863
2017-03-17 00:00:00-04:00,2.19,2.2,1.9,2.1,782113
2017-03-20 00:00:00-04:00,2.08,2.11,2,2.11,306124
2017-03-21 00:00:00-04:00,2.11,2.15,1.96,2,475663
2017-03-22 00:00:00-04:00,1.99,2.09,1.9614,2.05,137009
2017-03-23 00:00:00-04:00,2.01,2.19,2,2.12,490128
2017-03-24 00:00:00-04:00,2.14,2.35,2.12,2.24,907188
2017-03-27 00:00:00-04:00,2.28,2.33,2.2,2.33,472710
2017-03-28 00:00:00-04:00,2.33,2.45,1.95,2.03,1197450
2017-03-29 00:00:00-04:00,2.01,2.03,1.96,1.98,315635
2017-03-30 00:00:00-04:00,2.16,2.16,2.02,2.0669,532615
2017-03-31 00:00:00-04:00,2.12,2.3,2.1023,2.3,885680
2017-04-03 00:00:00-04:00,2.3,2.3,2.1,2.18,520023
2017-04-04 00:00:00-04:00,2.2,2.26,2.12,2.145,130113
2017-04-05 00:00:00-04:00,2.11,2.22,2.11,2.14,193084
2017-04-06 00:00:00-04:00,2.13,2.5,2.13,2.46,806440
2017-04-07 00:00:00-04:00,2.45,2.87,2.36,2.87,1670559
2017-04-10 00:00:00-04:00,2.9,3.68,2.75,3.025,4071418
2017-04-11 00:00:00-04:00,3.05,3.33,2.91,3.2201,1374855
2017-04-12 00:00:00-04:00,3.22,3.39,3.1,3.31,813608
2017-04-13 00:00:00-04:00,3.23,3.39,3.14,3.17,575414
2017-04-17 00:00:00-04:00,3.08,3.15,2.91,3.09,580121
2017-04-18 00:00:00-04:00,3.1,3.16,2.9522,3.05,230090
2017-04-19 00:00:00-04:00,3.05,3.23,3.02,3.15,297208
2017-04-20 00:00:00-04:00,3.14,3.2677,3.14,3.2366,244458
2017-04-21 00:00:00-04:00,3.25,3.25,3.05,3.09,271469
2017-04-24 00:00:00-04:00,3.15,3.2285,3.11,3.2,340289
2017-04-25 00:00:00-04:00,3.21,3.37,3.19,3.27,527193
2017-04-26 00:00:00-04:00,3.27,3.27,3.1101,3.16,372883
2017-04-27 00:00:00-04:00,3.16,3.21,3.04,3.19,505015
2017-04-28 00:00:00-04:00,3.1,3.2,3.05,3.05,224121
2017-05-01 00:00:00-04:00,3.05,3.2,3.04,3.15,259510
2017-05-02 00:00:00-04:00,3.16,3.2,3.05,3.16,148687
2017-05-03 00:00:00-04:00,3.13,3.16,3.02,3.13,153801
2017-05-04 00:00:00-04:00,3.1,3.11,2.9044,2.99,255260
2017-05-05 00:00:00-04:00,3.03,3.03,2.7101,2.84,393829
2017-05-08 00:00:00-04:00,2.78,2.91,2.65,2.79,332311
2017-05-09 00:00:00-04:00,2.7,2.73,2.6321,2.72,191806
2017-05-10 00:00:00-04:00,2.66,2.92,2.66,2.85,140749
2017-05-11 00:00:00-04:00,2.77,2.9,2.7,2.74,171853
2017-05-12 00:00:00-04:00,2.7,2.77,2.67,2.715,118193
2017-05-15 00:00:00-04:00,2.75,2.8314,2.7,2.7,116474
2017-05-16 00:00:00-04:00,2.7,2.8,2.7,2.73,118224
2017-05-17 00:00:00-04:00,2.7,2.74,2.04,2.26,779799
2017-05-18 00:00:00-04:00,2.24,2.62,2.24,2.53,376445
2017-05-19 00:00:00-04:00,2.52,2.5499,2.4047,2.48,143079
2017-05-22 00:00:00-04:00,2.28,2.32,2.1032,2.32,422856
2017-05-23 00:00:00-04:00,2.32,2.4001,2.2101,2.32,153937
2017-05-24 00:00:00-04:00,2.34,2.4158,2.2501,2.35,103497
2017-05-25 00:00:00-04:00,2.36,2.41,2.26,2.39,132022
2017-05-26 00:00:00-04:00,2.36,2.55,2.32,2.5,188181
2017-05-30 00:00:00-04:00,2.51,2.54,2.38,2.42,133370
2017-05-31 00:00:00-04:00,2.43,2.44,2.23,2.28,186475
2017-06-01 00:00:00-04:00,2.27,2.44,2.27,2.35,122472
2017-06-02 00:00:00-04:00,2.36,2.45,2.35,2.42,94527
2017-06-05 00:00:00-04:00,2.42,2.42,2.28,2.29,112270
2017-06-06 00:00:00-04:00,2.41,2.72,2.29,2.34,302939
2017-06-07 00:00:00-04:00,2.34,2.45,2.3,2.38,92369
2017-06-08 00:00:00-04:00,2.42,2.75,2.3546,2.65,242461
2017-06-09 00:00:00-04:00,2.7,2.7,2.42,2.45,162210
2017-06-12 00:00:00-04:00,2.44,2.51,2.37,2.43,61644
2017-06-13 00:00:00-04:00,2.48,2.54,2.45,2.49,156491
2017-06-14 00:00:00-04:00,2.51,2.61,2.4779,2.535,135899
2017-06-15 00:00:00-04:00,2.5,2.55,2.44,2.47,90342
2017-06-16 00:00:00-04:00,2.49,2.545,2.2,2.36,198450
2017-06-19 00:00:00-04:00,2.4,2.4,2.2,2.38,241397
2017-06-20 00:00:00-04:00,2.35,2.47,2.31,2.37,70261
2017-06-21 00:00:00-04:00,2.34,2.41,2.261,2.39,101897
2017-06-22 00:00:00-04:00,2.32,2.47,2.32,2.38,82855
2017-06-23 00:00:00-04:00,2.42,2.51,2.37,2.45,164582
2017-06-26 00:00:00-04:00,2.5,2.55,2.47,2.53,133514
2017-06-27 00:00:00-04:00,2.53,2.56,2.4046,2.47,87264
2017-06-28 00:00:00-04:00,2.48,2.54,2.44,2.49,90056
2017-06-29 00:00:00-04:00,2.5,2.5,2.35,2.37,80726
2017-06-30 00:00:00-04:00,2.4,2.47,2.35,2.46,51823
2017-07-03 00:00:00-04:00,2.5,2.51,2.38,2.48,35354
2017-07-05 00:00:00-04:00,2.5,2.52,2.45,2.48,118968
2017-07-06 00:00:00-04:00,2.45,2.5,2.36,2.39,90345
2017-07-07 00:00:00-04:00,2.46,2.4903,2.33,2.4311,53963
2017-07-10 00:00:00-04:00,2.45,2.49,2.37,2.39,44086
2017-07-11 00:00:00-04:00,2.41,2.5,2.35,2.39,45024
2017-07-12 00:00:00-04:00,2.45,2.5,2.39,2.39,96314
2017-07-13 00:00:00-04:00,2.39,2.4546,2.3099,2.36,92323
2017-07-14 00:00:00-04:00,2.37,2.43,2.31,2.41,78166
2017-07-17 00:00:00-04:00,2.45,2.45,2.37,2.4,84880
2017-07-18 00:00:00-04:00,2.37,2.411,2.28,2.28,146138
2017-07-19 00:00:00-04:00,2.3,2.3874,2.3,2.34,70146
2017-07-20 00:00:00-04:00,2.33,2.35,2.17,2.1907,195237
2017-07-21 00:00:00-04:00,2.25,2.3399,2.15,2.17,160375
2017-07-24 00:00:00-04:00,2.18,2.24,2.05,2.09,174350
2017-07-25 00:00:00-04:00,2.15,2.36,2.08,2.22,430886
2017-07-26 00:00:00-04:00,2.24,2.24,2.1601,2.21,88074
2017-07-27 00:00:00-04:00,2.21,2.234,2.01,2.0101,240654
2017-07-28 00:00:00-04:00,2.03,2.1205,2,2.04,135078
2017-07-31 00:00:00-04:00,2.06,2.09,1.9401,2,156568
2017-08-01 00:00:00-04:00,2.1,2.1,1.8265,1.89,267577
2017-08-02 00:00:00-04:00,1.9,1.92,1.8,1.84,155578
2017-08-03 00:00:00-04:00,1.82,2.25,1.8138,2.18,293333
2017-08-04 00:00:00-04:00,2.15,2.1501,1.95,2.1,153431
2017-08-07 00:00:00-04:00,2.09,2.1299,1.85,1.9,235321
2017-08-08 00:00:00-04:00,1.95,2.23,1.93,1.98,171604
2017-08-09 00:00:00-04:00,1.96,1.999,1.81,1.82,328117
2017-08-10 00:00:00-04:00,1.77,1.9367,1.77,1.82,199782
2017-08-11 00:00:00-04:00,1.82,1.84,1.68,1.69,165110
2017-08-14 00:00:00-04:00,1.71,1.9583,1.51,1.82,309564
2017-08-15 00:00:00-04:00,1.81,1.88,1.56,1.78,93447
2017-08-16 00:00:00-04:00,1.88,1.88,1.7801,1.84,54557
2017-08-17 00:00:00-04:00,1.82,1.86,1.74,1.79,93141
2017-08-18 00:00:00-04:00,1.8,1.88,1.76,1.77,47103
2017-08-21 00:00:00-04:00,1.87,1.87,1.7,1.74,73997
2017-08-22 00:00:00-04:00,1.775,1.7995,1.7146,1.75,39086
2017-08-23 00:00:00-04:00,1.76,1.78,1.7,1.72,42128
2017-08-24 00:00:00-04:00,1.73,1.82,1.71,1.78,229788
2017-08-25 00:00:00-04:00,1.8,1.8236,1.71,1.73,73948
2017-08-28 00:00:00-04:00,1.75,1.75,1.71,1.72,45176
2017-08-29 00:00:00-04:00,1.7,1.771,1.7,1.75,82599
2017-08-30 00:00:00-04:00,1.73,1.784,1.7,1.74,84477
2017-08-31 00:00:00-04:00,1.74,1.7705,1.73,1.73,120218
2017-09-01 00:00:00-04:00,1.72,1.77,1.72,1.74,70121
2017-09-05 00:00:00-04:00,1.75,1.7575,1.73,1.73,56454
2017-09-06 00:00:00-04:00,1.75,1.77,1.72,1.73,92979
2017-09-07 00:00:00-04:00,1.77,1.78,1.75,1.77,68276
2017-09-08 00:00:00-04:00,1.77,1.83,1.75,1.81,115956
2017-09-11 00:00:00-04:00,1.8,1.89,1.72,1.72,262406
2017-09-12 00:00:00-04:00,1.8,1.87,1.72,1.75,158837
2017-09-13 00:00:00-04:00,1.74,1.8,1.71,1.74,168476
2017-09-14 00:00:00-04:00,1.73,1.73,1.65,1.685,116234
2017-09-15 00:00:00-04:00,1.66,1.74,1.63,1.72,110799
2017-09-18 00:00:00-04:00,1.75,1.75,1.62,1.7,68445
2017-09-19 00:00:00-04:00,1.69,1.829,1.64,1.74,262626
2017-09-20 00:00:00-04:00,1.72,1.82,1.68,1.76,111539
2017-09-21 00:00:00-04:00,1.88,2.01,1.8,1.8799,271708
2017-09-22 00:00:00-04:00,1.91,1.9951,1.88,1.9,86832
2017-09-25 00:00:00-04:00,1.99,2.1,1.9048,2.045,354244
2017-09-26 00:00:00-04:00,2.1,2.3499,2.08,2.3,708084
2017-09-27 00:00:00-04:00,2.32,2.3443,2.1701,2.2,192082
2017-09-28 00:00:00-04:00,2.29,2.29,1.98,2.07,186847
2017-09-29 00:00:00-04:00,2.15,2.23,2.01,2.14,133425
2017-10-02 00:00:00-04:00,2.24,2.59,2.16,2.44,690816
2017-10-03 00:00:00-04:00,2.44,2.47,2.3011,2.34,175835
2017-10-04 00:00:00-04:00,2.34,2.48,2.3056,2.44,287252
2017-10-05 00:00:00-04:00,2.41,2.51,2.3505,2.4301,146242
2017-10-06 00:00:00-04:00,2.54,2.6,2.41,2.44,215032
2017-10-09 00:00:00-04:00,2.41,2.63,2.39,2.6,259672
2017-10-10 00:00:00-04:00,2.69,2.8963,2.6201,2.76,723415
2017-10-11 00:00:00-04:00,2.8,2.88,2.6101,2.7701,236330
2017-10-12 00:00:00-04:00,2.76,2.8,2.6991,2.74,134156
2017-10-13 00:00:00-04:00,2.75,2.75,2.52,2.56,220493
2017-10-16 00:00:00-04:00,2.5,2.569,2.2401,2.3,309134
2017-10-17 00:00:00-04:00,2.25,2.35,2.2,2.3,219254
2017-10-18 00:00:00-04:00,2.3,2.6,2.24,2.52,176183
2017-10-19 00:00:00-04:00,2.6,2.6626,2.45,2.5,260335
2017-10-20 00:00:00-04:00,2.55,2.78,2.51,2.66,360995
2017-10-23 00:00:00-04:00,2.72,2.73,2.49,2.54,260417
2017-10-24 00:00:00-04:00,2.74,2.74,2.54,2.62,274857
2017-10-25 00:00:00-04:00,2.61,2.67,2.53,2.58,109184
2017-10-26 00:00:00-04:00,2.6,2.6,2.4538,2.52,123133
2017-10-27 00:00:00-04:00,2.52,2.71,2.46,2.6,129151
2017-10-30 00:00:00-04:00,2.63,2.699,2.5196,2.58,91243
2017-10-31 00:00:00-04:00,2.59,2.65,2.38,2.42,175751
2017-11-01 00:00:00-04:00,2.45,2.5,2.365,2.38,105782
2017-11-02 00:00:00-04:00,2.36,2.39,2.2,2.32,177776
2017-11-03 00:00:00-04:00,2.33,2.47,2.29,2.47,143786
2017-11-06 00:00:00-05:00,2.45,2.57,2.38,2.385,113198
2017-11-07 00:00:00-05:00,2.38,2.69,2.38,2.59,603586
2017-11-08 00:00:00-05:00,2.6,2.6382,2.51,2.56,123564
2017-11-09 00:00:00-05:00,2.57,2.62,2.49,2.53,118768
2017-11-10 00:00:00-05:00,2.52,2.68,2.511,2.67,191524
2017-11-13 00:00:00-05:00,2.73,3.0125,2.65,2.9,916560
2017-11-14 00:00:00-05:00,2.93,2.95,2.7804,2.86,329928
2017-11-15 00:00:00-05:00,2.86,2.92,2.71,2.88,211007
2017-11-16 00:00:00-05:00,2.87,3.05,2.79,2.98,269001
2017-11-17 00:00:00-05:00,2.95,3.11,2.941,3.04,376744
2017-11-20 00:00:00-05:00,3.09,3.15,3,3.06,212851
2017-11-21 00:00:00-05:00,3.06,3.1,2.39,2.4969,562976
2017-11-22 00:00:00-05:00,2.58,2.8383,2.58,2.65,563726
2017-11-24 00:00:00-05:00,2.65,2.75,2.63,2.69,125392
2017-11-27 00:00:00-05:00,2.71,2.79,2.6553,2.72,267969
2017-11-28 00:00:00-05:00,2.87,2.9072,2.61,2.66,338118
2017-11-29 00:00:00-05:00,2.65,2.6932,2.5,2.56,266903
2017-11-30 00:00:00-05:00,2.5,2.59,2.261,2.36,464839
2017-12-01 00:00:00-05:00,2.4,2.4796,2.33,2.42,393591
2017-12-04 00:00:00-05:00,2.44,2.69,2.4,2.479,501200
2017-12-05 00:00:00-05:00,1.4,1.78,1.28,1.72,5982926
2017-12-06 00:00:00-05:00,1.6,1.72,1.45,1.51,1351337
2017-12-07 00:00:00-05:00,1.6,2.3001,1.6,2.01,5000176
2017-12-08 00:00:00-05:00,1.92,2.7499,1.805,2.42,4053355
2017-12-11 00:00:00-05:00,2.43,2.64,2.2325,2.435,1284638
2017-12-12 00:00:00-05:00,2.4,2.47,2.28,2.4099,464850
2017-12-13 00:00:00-05:00,2.39,2.57,2.381,2.49,597481
2017-12-14 00:00:00-05:00,2.49,2.64,2.35,2.385,459503
2017-12-15 00:00:00-05:00,2.39,2.43,2.2,2.37,471947
2017-12-18 00:00:00-05:00,2.35,2.35,1.925,1.99,1115814
2017-12-19 00:00:00-05:00,2.01,2.0246,1.88,1.93,531798
2017-12-20 00:00:00-05:00,2.32,2.45,2.11,2.36,1415465
2017-12-21 00:00:00-05:00,2.3,2.4,2.23,2.34,296402
2017-12-22 00:00:00-05:00,2.41,2.58,2.36,2.58,629806
2017-12-26 00:00:00-05:00,2.52,2.75,2.52,2.59,607999
2017-12-27 00:00:00-05:00,2.6,3.18,2.59,2.98,1412939
2017-12-28 00:00:00-05:00,3.1,3.12,2.89,3.02,485400
2017-12-29 00:00:00-05:00,3.04,3.84,2.985,3.32,1625316
2018-01-02 00:00:00-05:00,3.42,3.95,3.16,3.85,1235899
2018-01-03 00:00:00-05:00,3.9,4.8,3.87,4.38,1738610
2018-01-04 00:00:00-05:00,4.42,4.64,4.2,4.27,754970
2018-01-05 00:00:00-05:00,4.4,4.4,4.01,4.14,465405
2018-01-08 00:00:00-05:00,4.21,5.12,4.2,5.03,1812478
2018-01-09 00:00:00-05:00,5.25,5.39,4.56,4.75,1394664
2018-01-10 00:00:00-05:00,4.91,5.45,4.6,5.2989,796768
2018-01-11 00:00:00-05:00,5.33,5.6,5.15,5.5,621678
2018-01-12 00:00:00-05:00,5.5,6.15,5.38,5.88,1471843
2018-01-16 00:00:00-05:00,6.15,6.74,5.03,5.34,3001271
2018-01-17 00:00:00-05:00,5.31,6.099,5.3,5.9501,1043997
2018-01-18 00:00:00-05:00,6.11,6.11,5.5,5.7901,905285
2018-01-19 00:00:00-05:00,5.78,5.85,5.432,5.64,651554
2018-01-22 00:00:00-05:00,5.55,5.599,5.09,5.22,828963
2018-01-23 00:00:00-05:00,5.2,5.85,5.15,5.79,790354
2018-01-24 00:00:00-05:00,5.9,5.9,5.5,5.68,509059
2018-01-25 00:00:00-05:00,5.8,5.95,5.2241,5.29,793138
2018-01-26 00:00:00-05:00,5.26,5.57,5.26,5.39,392734
2018-01-29 00:00:00-05:00,5.42,5.42,4.48,5.17,1496864
2018-01-30 00:00:00-05:00,4.87,5.14,4.55,4.7499,717698
2018-01-31 00:00:00-05:00,4.83,4.99,4.595,4.6,476580
2018-02-01 00:00:00-05:00,4.57,4.68,3.71,4.41,1719750
2018-02-02 00:00:00-05:00,4.29,4.52,3.9,3.9,527339
2018-02-05 00:00:00-05:00,3.79,4.35,3.7554,4.14,470265
2018-02-06 00:00:00-05:00,3.95,4.4204,3.95,4.33,374329
2018-02-07 00:00:00-05:00,4.28,4.49,4.2301,4.38,253831
2018-02-08 00:00:00-05:00,4.34,4.57,4.17,4.39,279399
2018-02-09 00:00:00-05:00,4.37,4.52,3.84,4.08,728624
2018-02-12 00:00:00-05:00,4.08,4.3187,3.9,3.92,397561
2018-02-13 00:00:00-05:00,3.92,4.1323,3.88,4.05,384052
2018-02-14 00:00:00-05:00,4.01,4.1,3.9147,3.94,215526
2018-02-15 00:00:00-05:00,4,4.05,3.751,3.98,496167
2018-02-16 00:00:00-05:00,4.02,4.35,3.907,4.35,399023
2018-02-20 00:00:00-05:00,4.25,4.6879,4.2009,4.29,435818
2018-02-21 00:00:00-05:00,4.28,4.4471,4.13,4.18,140651
2018-02-22 00:00:00-05:00,4.21,4.33,4.101,4.22,112489
2018-02-23 00:00:00-05:00,4.26,4.37,4,4.33,205021
2018-02-26 00:00:00-05:00,4.36,4.36,4.12,4.22,165998
2018-02-27 00:00:00-05:00,4.21,4.28,4.07,4.17,167277
2018-02-28 00:00:00-05:00,4.18,4.24,4.07,4.09,121912
2018-03-01 00:00:00-05:00,4.13,4.14,3.92,3.97,160553
2018-03-02 00:00:00-05:00,3.91,4.6208,3.91,4.43,366726
2018-03-05 00:00:00-05:00,4.4,4.582,4.27,4.395,219900
2018-03-06 00:00:00-05:00,4.42,4.44,4.27,4.33,119158
2018-03-07 00:00:00-05:00,4.28,5.0249,4.25,4.9,604625
2018-03-08 00:00:00-05:00,4.93,5.69,4.93,5.48,1273846
2018-03-09 00:00:00-05:00,5.66,5.82,5,5.15,882479
2018-03-12 00:00:00-04:00,5.14,5.195,4.67,4.89,411509
2018-03-13 00:00:00-04:00,4.89,5.26,4.65,5.19,445342
2018-03-14 00:00:00-04:00,5.19,5.25,4.67,4.76,347115
2018-03-15 00:00:00-04:00,4.75,4.8499,4.625,4.67,169616
2018-03-16 00:00:00-04:00,4.66,4.79,4.47,4.75,216269
2018-03-19 00:00:00-04:00,4.76,4.83,4.51,4.61,236817
2018-03-20 00:00:00-04:00,4.64,4.8099,4.36,4.51,209145
2018-03-21 00:00:00-04:00,4.51,4.68,4.4686,4.64,153694
2018-03-22 00:00:00-04:00,4.58,4.82,4.5601,4.72,238938
2018-03-23 00:00:00-04:00,4.73,4.83,4.63,4.64,141474
2018-03-26 00:00:00-04:00,4.7,4.7,4.101,4.44,303347
2018-03-27 00:00:00-04:00,4.45,4.45,4.14,4.14,164834
2018-03-28 00:00:00-04:00,4.12,4.1399,3.7,3.78,591694
2018-03-29 00:00:00-04:00,3.84,4.95,3.84,4.75,1216075
2018-04-02 00:00:00-04:00,4.69,4.69,3.95,4.16,611737
2018-04-03 00:00:00-04:00,4.16,4.23,3.935,4.1,359343
2018-04-04 00:00:00-04:00,4.07,5,3.99,4.74,948148
2018-04-05 00:00:00-04:00,4.73,4.96,4.29,4.58,719730
2018-04-06 00:00:00-04:00,4.54,4.7599,4.42,4.69,239939
2018-04-09 00:00:00-04:00,4.73,4.77,4.45,4.6,249398
2018-04-10 00:00:00-04:00,4.65,4.91,4.65,4.82,341994
2018-04-11 00:00:00-04:00,4.82,4.9899,4.63,4.71,731589
2018-04-12 00:00:00-04:00,4.76,4.76,4.2582,4.27,598949
2018-04-13 00:00:00-04:00,4.26,4.3,3.85,3.945,842514
2018-04-16 00:00:00-04:00,4.17,4.2,3.55,3.58,910788
2018-04-17 00:00:00-04:00,3.58,3.709,3.32,3.465,932773
2018-04-18 00:00:00-04:00,3.45,3.53,3.3415,3.38,557041
2018-04-19 00:00:00-04:00,3.38,3.75,3.25,3.69,579534
2018-04-20 00:00:00-04:00,3.64,3.72,3.44,3.46,251033
2018-04-23 00:00:00-04:00,3.44,3.5,3.29,3.45,226708
2018-04-24 00:00:00-04:00,3.46,3.4717,3.14,3.15,269450
2018-04-25 00:00:00-04:00,3.16,3.47,3.16,3.39,333589
2018-04-26 00:00:00-04:00,3.42,3.62,3.38,3.6,340911
2018-04-27 00:00:00-04:00,3.6,3.6,3.32,3.39,207679
2018-04-30 00:00:00-04:00,3.4,3.4824,3.29,3.34,73509
2018-05-01 00:00:00-04:00,3.35,3.5,3.3,3.48,136676
2018-05-02 00:00:00-04:00,3.47,3.58,3.295,3.34,192306
2018-05-03 00:00:00-04:00,3.35,3.53,3.3215,3.43,86315
2018-05-04 00:00:00-04:00,3.43,3.5,3.26,3.28,222175
2018-05-07 00:00:00-04:00,3.34,3.3797,3.17,3.21,237758
2018-05-08 00:00:00-04:00,3.24,3.29,3.1,3.22,148432
2018-05-09 00:00:00-04:00,3.22,3.4,3.14,3.4,206176
2018-05-10 00:00:00-04:00,3.4,3.43,3.26,3.3,138169
2018-05-11 00:00:00-04:00,3.29,3.39,3.21,3.34,144735
2018-05-14 00:00:00-04:00,3.53,4.75,3.32,4.0099,3694958
2018-05-15 00:00:00-04:00,4.17,4.5,3.87,4.12,1282085
2018-05-16 00:00:00-04:00,4.13,4.22,3.96,4.15,238929
2018-05-17 00:00:00-04:00,4.17,4.4107,4.15,4.375,441288
2018-05-18 00:00:00-04:00,4.4,4.59,4.4,4.555,385792
2018-05-21 00:00:00-04:00,4.56,4.7,4.4,4.6099,379960
2018-05-22 00:00:00-04:00,4.6,4.6,4.12,4.155,592498
2018-05-23 00:00:00-04:00,4.2,4.369,4.02,4.05,219092
2018-05-24 00:00:00-04:00,4.1,4.169,3.96,4.09,193557
2018-05-25 00:00:00-04:00,4.09,4.3285,4.09,4.19,230821
2018-05-29 00:00:00-04:00,4.29,4.48,4.11,4.4699,306772
2018-05-30 00:00:00-04:00,4.47,4.8,4.41,4.73,481797
2018-05-31 00:00:00-04:00,4.79,5.12,4.76,5.061,1191877
2018-06-01 00:00:00-04:00,5.1,5.19,4.85,4.87,604176
2018-06-04 00:00:00-04:00,5.05,5.17,4.75,5.08,502770
2018-06-05 00:00:00-04:00,5.03,5.195,4.97,5.1,272194
2018-06-06 00:00:00-04:00,5.06,5.16,5.01,5.05,196869
2018-06-07 00:00:00-04:00,5.09,5.49,4.88,5.41,1100774
2018-06-08 00:00:00-04:00,5.5,6.17,5.33,6.17,1365808
2018-06-11 00:00:00-04:00,6.25,6.51,5.79,5.97,1299225
2018-06-12 00:00:00-04:00,5.83,6.5,5.83,6.33,1019698
2018-06-13 00:00:00-04:00,6.52,8,6.31,7.86,5513181
2018-06-14 00:00:00-04:00,8.03,8.5584,7.3,8.15,2896472
2018-06-15 00:00:00-04:00,7.99,8.79,7.7006,8.71,1809123
2018-06-18 00:00:00-04:00,9,9.49,8.72,9.155,3126425
2018-06-19 00:00:00-04:00,9.05,9.19,8.61,8.94,1490368
2018-06-20 00:00:00-04:00,8.95,9,7.3016,7.96,2542821
2018-06-21 00:00:00-04:00,8,8,7.51,7.72,861205
2018-06-22 00:00:00-04:00,7.65,7.969,7.51,7.68,600302
2018-06-25 00:00:00-04:00,7.93,8,6.8,6.97,1083597
2018-06-26 00:00:00-04:00,7,7.14,6.2,6.255,1785455
2018-06-27 00:00:00-04:00,6.74,7.5,6.62,6.65,2206552
2018-06-28 00:00:00-04:00,6.4,6.42,5.9,6.2,1180032
2018-06-29 00:00:00-04:00,6.4,6.45,6.2,6.33,587816
2018-07-02 00:00:00-04:00,6.27,6.76,6.25,6.56,493664
2018-07-03 00:00:00-04:00,6.52,6.6169,6.26,6.29,300848
2018-07-05 00:00:00-04:00,6.31,7,6.27,6.92,657391
2018-07-06 00:00:00-04:00,7.22,7.5,6.65,6.7399,1476737
2018-07-09 00:00:00-04:00,6.77,7.0725,6.6,6.7,512147
2018-07-10 00:00:00-04:00,6.65,6.66,6.4,6.58,429707
2018-07-11 00:00:00-04:00,6.5,6.57,6.31,6.41,381207
2018-07-12 00:00:00-04:00,6.54,6.64,6.2168,6.61,407132
2018-07-13 00:00:00-04:00,6.66,6.66,6.41,6.56,343892
2018-07-16 00:00:00-04:00,6.55,6.55,5.96,6.06,606828
2018-07-17 00:00:00-04:00,6.04,6.2158,5.8,6.02,353807
2018-07-18 00:00:00-04:00,6.01,6.14,5.85,6.02,317850
2018-07-19 00:00:00-04:00,6.04,6.0699,5.81,5.84,362131
2018-07-20 00:00:00-04:00,5.8,5.895,5.57,5.6287,481081
2018-07-23 00:00:00-04:00,5.71,5.85,5.546,5.68,357307
2018-07-24 00:00:00-04:00,5.71,5.7304,5.3323,5.45,409162
2018-07-25 00:00:00-04:00,5.42,5.55,5.37,5.47,272426
2018-07-26 00:00:00-04:00,5.48,5.57,5.3234,5.39,184993
2018-07-27 00:00:00-04:00,5.44,5.5,4.77,4.9838,771110
2018-07-30 00:00:00-04:00,5.1,5.39,4.95,4.99,383008
2018-07-31 00:00:00-04:00,4.97,5.2198,4.84,5.05,456891
2018-08-01 00:00:00-04:00,5.16,5.16,4.9603,5.06,169914
2018-08-02 00:00:00-04:00,5.07,5.1199,4.9,5,213830
2018-08-03 00:00:00-04:00,5.17,5.17,4.9415,5.05,370529
2018-08-06 00:00:00-04:00,5.07,5.141,4.93,5,214908
2018-08-07 00:00:00-04:00,4.99,5.089,4.88,5.06,334328
2018-08-08 00:00:00-04:00,4.83,5.021,4.75,4.7999,444775
2018-08-09 00:00:00-04:00,4.76,4.79,4.42,4.51,492055
2018-08-10 00:00:00-04:00,4.5,4.64,4.41,4.4872,318448
2018-08-13 00:00:00-04:00,4.77,4.8,3.8,4.06,1115945
2018-08-14 00:00:00-04:00,4.1,4.62,3.98,4.105,766781
2018-08-15 00:00:00-04:00,3.89,4.17,3.531,3.68,1036904
2018-08-16 00:00:00-04:00,3.73,3.88,3.55,3.84,538253
2018-08-17 00:00:00-04:00,3.84,4.07,3.8187,3.87,325392
2018-08-20 00:00:00-04:00,3.92,4.47,3.91,4.4499,698182
2018-08-21 00:00:00-04:00,4.5,5.08,4.45,4.69,1084129
2018-08-22 00:00:00-04:00,4.65,4.8463,4.5,4.63,351168
2018-08-23 00:00:00-04:00,4.64,4.65,4.23,4.27,613497
2018-08-24 00:00:00-04:00,4.25,4.37,4.08,4.18,463601
2018-08-27 00:00:00-04:00,4.19,4.379,4.0601,4.275,341379
2018-08-28 00:00:00-04:00,4.28,4.7899,4.2,4.575,625799
2018-08-29 00:00:00-04:00,4.66,5.42,4.55,5.38,1000013
2018-08-30 00:00:00-04:00,5.58,6.53,5.52,5.87,2595907
2018-08-31 00:00:00-04:00,5.95,6.47,5.93,6.45,1257932
2018-09-04 00:00:00-04:00,6.66,6.9,6.0122,6.55,1317183
2018-09-05 00:00:00-04:00,6.5,6.5,5.87,6.03,866125
2018-09-06 00:00:00-04:00,6.04,6.131,5.19,5.4669,1008756
2018-09-07 00:00:00-04:00,5.57,6.1,5.3156,5.95,653593
2018-09-10 00:00:00-04:00,6,6,5.6,5.7,407575
2018-09-11 00:00:00-04:00,5.63,5.749,5.33,5.56,533707
2018-09-12 00:00:00-04:00,5.54,5.66,5.27,5.4,299754
2018-09-13 00:00:00-04:00,5.41,5.57,5.33,5.36,283256
2018-09-14 00:00:00-04:00,5.43,5.72,5.22,5.44,560935
2018-09-17 00:00:00-04:00,5.45,5.889,5.35,5.74,694918
2018-09-18 00:00:00-04:00,5.9,6.25,5.81,6.02,959566
2018-09-19 00:00:00-04:00,6.06,6.24,5.911,6.07,640356
2018-09-20 00:00:00-04:00,6.5,6.98,6.14,6.93,1971773
2018-09-21 00:00:00-04:00,6.6,6.686,6.22,6.49,1292083
2018-09-24 00:00:00-04:00,6.47,6.85,6.4,6.63,536896
2018-09-25 00:00:00-04:00,6.65,6.6652,5.98,6.16,985265
2018-09-26 00:00:00-04:00,6.28,6.28,5.98,6.17,370178
2018-09-27 00:00:00-04:00,6.19,6.19,5.62,5.79,668549
2018-09-28 00:00:00-04:00,5.89,6.33,5.8,6.04,577975
2018-10-01 00:00:00-04:00,6.05,6.16,5.68,5.74,395028
2018-10-02 00:00:00-04:00,5.71,5.84,5.33,5.39,513234
2018-10-03 00:00:00-04:00,5.43,5.78,5.41,5.7199,283320
2018-10-04 00:00:00-04:00,5.6,5.6651,5.31,5.43,549980
2018-10-05 00:00:00-04:00,5.4,5.61,5.2,5.27,612270
2018-10-08 00:00:00-04:00,5.22,5.3999,5.13,5.16,342870
2018-10-09 00:00:00-04:00,5.1,5.39,5.07,5.19,255709
2018-10-10 00:00:00-04:00,5.17,5.1899,4.7,4.75,653585
2018-10-11 00:00:00-04:00,4.7,5.2254,4.5701,4.95,712396
2018-10-12 00:00:00-04:00,5.03,5.1684,4.93,4.9999,283711
2018-10-15 00:00:00-04:00,5,5.0245,4.85,4.9,293514
2018-10-16 00:00:00-04:00,4.88,5.24,4.88,5.14,386128
2018-10-17 00:00:00-04:00,5.12,5.1799,4.79,5.02,182909
2018-10-18 00:00:00-04:00,4.97,5.11,4.84,4.979,200505
2018-10-19 00:00:00-04:00,5.02,5.0568,4.8501,4.94,270366
2018-10-22 00:00:00-04:00,5.01,5.045,4.55,4.66,359098
2018-10-23 00:00:00-04:00,4.53,4.79,4.3959,4.66,261387
2018-10-24 00:00:00-04:00,4.69,4.7399,4.08,4.21,636323
2018-10-25 00:00:00-04:00,4.2,4.6209,4.18,4.46,243620
2018-10-26 00:00:00-04:00,4.35,4.79,4.14,4.33,499671
2018-10-29 00:00:00-04:00,4.42,4.47,3.85,4.04,518455
2018-10-30 00:00:00-04:00,4.04,4.21,3.86,3.96,330406
2018-10-31 00:00:00-04:00,4.02,4.3,4.02,4.27,266334
2018-11-01 00:00:00-04:00,4.3,4.95,4.273,4.77,297010
2018-11-02 00:00:00-04:00,4.75,5.13,4.63,5.12,340800
2018-11-05 00:00:00-05:00,5.23,6.1582,4.96,5.52,1227986
2018-11-06 00:00:00-05:00,5.41,5.45,4.62,4.65,667185
2018-11-07 00:00:00-05:00,4.99,5.0665,4.85,5,167600
2018-11-08 00:00:00-05:00,5.05,5.3057,4.89,5.02,166726
2018-11-09 00:00:00-05:00,5.07,5.0996,4.51,4.79,285900
2018-11-12 00:00:00-05:00,4.76,4.89,4.56,4.85,191004
2018-11-13 00:00:00-05:00,4.9,4.9796,4.65,4.74,180400
2018-11-14 00:00:00-05:00,4.84,4.8901,4.49,4.62,192152
2018-11-15 00:00:00-05:00,4.59,4.84,4.59,4.74,90756
2018-11-16 00:00:00-05:00,4.71,5.12,4.697,5.04,271342
2018-11-19 00:00:00-05:00,5.16,5.2299,4.884,5.06,211851
2018-11-20 00:00:00-05:00,4.85,5.13,4.85,5.01,211554
2018-11-21 00:00:00-05:00,5.12,5.13,4.75,4.87,242680
2018-11-23 00:00:00-05:00,4.84,5.17,4.84,4.88,57407
2018-11-26 00:00:00-05:00,4.95,5.09,4.76,4.83,146163
2018-11-27 00:00:00-05:00,4.78,4.8765,4.55,4.58,99694
2018-11-28 00:00:00-05:00,4.57,4.92,4.52,4.9,155987
2018-11-29 00:00:00-05:00,4.74,5.04,4.74,4.94,110278
2018-11-30 00:00:00-05:00,4.93,5,4.83,4.96,112524
2018-12-03 00:00:00-05:00,5,5.04,4.86,5.03,108897
2018-12-04 00:00:00-05:00,5,5.22,4.87,4.96,252092
2018-12-06 00:00:00-05:00,4.85,5.1,4.78,5.06,267676
2018-12-07 00:00:00-05:00,5.06,5.1512,4.87,4.99,127749
2018-12-10 00:00:00-05:00,4.97,5.15,4.85,5.01,141518
2018-12-11 00:00:00-05:00,5.09,5.22,4.94,5.13,218485
2018-12-12 00:00:00-05:00,5.17,5.3,5.0846,5.25,198518
2018-12-13 00:00:00-05:00,5.25,5.2981,4.93,5.04,177334
2018-12-14 00:00:00-05:00,4.95,5.14,4.94,4.99,139461
2018-12-17 00:00:00-05:00,5,5.24,4.85,4.94,261511
2018-12-18 00:00:00-05:00,4.89,5.04,4.85,4.92,118037
2018-12-19 00:00:00-05:00,4.9,5.055,4.6,4.72,175252
2018-12-20 00:00:00-05:00,4.78,4.78,4.03,4.1,468093
2018-12-21 00:00:00-05:00,4.15,4.19,3.47,3.55,670122
2018-12-24 00:00:00-05:00,3.37,4.17,3.25,3.675,364715
2018-12-26 00:00:00-05:00,3.69,3.86,3.45,3.78,266273
2018-12-27 00:00:00-05:00,3.84,3.84,3.17,3.78,476752
2018-12-28 00:00:00-05:00,3.83,3.97,3.5,3.77,374495
2018-12-31 00:00:00-05:00,3.8,3.95,3.36,3.425,587338
2019-01-02 00:00:00-05:00,3.44,3.86,3.44,3.86,281819
2019-01-03 00:00:00-05:00,3.9,3.9717,3.67,3.86,171212
2019-01-04 00:00:00-05:00,3.92,4.27,3.81,4.05,272641
2019-01-07 00:00:00-05:00,4.1,4.62,4.0236,4.59,400546
2019-01-08 00:00:00-05:00,4.66,4.78,4.5,4.6601,253176
2019-01-09 00:00:00-05:00,4.71,4.72,4.46,4.56,185161
2019-01-10 00:00:00-05:00,4.53,4.55,4.34,4.5,217536
2019-01-11 00:00:00-05:00,4.46,4.61,4.4,4.53,81227
2019-01-14 00:00:00-05:00,4.46,4.73,4.46,4.49,165115
2019-01-15 00:00:00-05:00,4.51,4.65,4.47,4.57,194072
2019-01-16 00:00:00-05:00,4.65,4.96,4.63,4.73,216657
2019-01-17 00:00:00-05:00,4.72,4.95,4.65,4.74,230647
2019-01-18 00:00:00-05:00,4.8,4.8,4.5,4.755,159822
2019-01-22 00:00:00-05:00,4.8,4.8,4.58,4.63,126808
2019-01-23 00:00:00-05:00,4.66,4.84,4.5,4.54,159749
2019-01-24 00:00:00-05:00,4.57,4.72,4.5,4.55,113824
2019-01-25 00:00:00-05:00,4.7,4.89,4.53,4.86,368898
2019-01-28 00:00:00-05:00,4.81,4.86,4.7,4.8,182777
2019-01-29 00:00:00-05:00,4.77,5.02,4.75,4.99,413435
2019-01-30 00:00:00-05:00,5,5,4.82,4.9299,134058
2019-01-31 00:00:00-05:00,4.98,5.04,4.83,4.8599,406399
2019-02-01 00:00:00-05:00,4.88,4.94,4.8,4.815,186545
2019-02-04 00:00:00-05:00,4.88,4.9,4.77,4.78,149029
2019-02-05 00:00:00-05:00,4.75,4.83,4.5801,4.77,160817
2019-02-06 00:00:00-05:00,4.71,4.79,4.61,4.7,150828
2019-02-07 00:00:00-05:00,4.68,4.68,4.38,4.5453,263167
2019-02-08 00:00:00-05:00,4.46,4.54,4.15,4.3,311057
2019-02-11 00:00:00-05:00,4.3,4.3,4.05,4.145,381891
2019-02-12 00:00:00-05:00,4.19,4.48,4.15,4.48,176664
2019-02-13 00:00:00-05:00,4.78,4.8295,4.46,4.6,362877
2019-02-14 00:00:00-05:00,4.65,5,4.55,4.94,505709
2019-02-15 00:00:00-05:00,5,5.12,4.83,5.09,587812
2019-02-19 00:00:00-05:00,5.25,5.33,5.0289,5.19,377854
2019-02-20 00:00:00-05:00,5.21,6,5.2,5.9791,1167799
2019-02-21 00:00:00-05:00,6,6.06,5.51,6,776078
2019-02-22 00:00:00-05:00,6.03,6.03,5.4,5.63,583631
2019-02-25 00:00:00-05:00,5.65,5.96,5.55,5.615,429629
2019-02-26 00:00:00-05:00,5.58,5.6488,5.21,5.42,410338
2019-02-27 00:00:00-05:00,5.4,5.5,5.14,5.2,309587
2019-02-28 00:00:00-05:00,5.17,5.32,5.02,5.2,204864
2019-03-01 00:00:00-05:00,5.22,5.4,5.1101,5.3,233371
2019-03-04 00:00:00-05:00,5.3,5.42,5,5.25,379801
2019-03-05 00:00:00-05:00,5.22,5.24,4.85,4.98,640904
2019-03-06 00:00:00-05:00,4.75,4.96,4.27,4.96,817036
2019-03-07 00:00:00-05:00,4.85,5.04,4.67,4.93,289586
2019-03-08 00:00:00-05:00,4.86,4.93,4.68,4.74,227923
2019-03-11 00:00:00-04:00,4.73,4.78,4.56,4.58,219289
2019-03-12 00:00:00-04:00,4.88,4.88,4.42,4.42,299925
2019-03-13 00:00:00-04:00,4.48,4.52,4.142,4.43,432596
2019-03-14 00:00:00-04:00,4.39,4.72,4.24,4.69,298800
2019-03-15 00:00:00-04:00,4.68,4.75,4.55,4.72,190453
2019-03-18 00:00:00-04:00,4.71,5.195,4.7067,5.04,422680
2019-03-19 00:00:00-04:00,5.08,5.18,4.91,4.99,287957
2019-03-20 00:00:00-04:00,4.96,5.11,4.87,4.97,199239
2019-03-21 00:00:00-04:00,4.93,5.025,4.76,4.88,298368
2019-03-22 00:00:00-04:00,4.9,5.165,4.57,4.6,1326493
2019-03-25 00:00:00-04:00,4.67,4.76,4.5131,4.71,329230
2019-03-26 00:00:00-04:00,4.73,4.8165,4.52,4.65,244860
2019-03-27 00:00:00-04:00,4.65,4.67,4.41,4.67,239369
2019-03-28 00:00:00-04:00,4.65,4.83,4.6,4.83,156809
2019-03-29 00:00:00-04:00,4.81,5.19,4.67,5.09,484098
2019-04-01 00:00:00-04:00,5.16,5.16,4.96,4.99,96888
2019-04-02 00:00:00-04:00,5,5.16,4.91,4.94,264948
2019-04-03 00:00:00-04:00,5.03,5.07,4.62,4.7,404145
2019-04-04 00:00:00-04:00,4.71,4.83,4.64,4.73,175891
2019-04-05 00:00:00-04:00,4.73,4.9,4.66,4.77,164032
2019-04-08 00:00:00-04:00,4.79,4.82,4.68,4.68,169203
2019-04-09 00:00:00-04:00,4.89,4.94,4.76,4.85,415511
2019-04-10 00:00:00-04:00,4.9,5,4.74,4.99,406275
2019-04-11 00:00:00-04:00,4.96,4.9962,4.66,4.77,303159
2019-04-12 00:00:00-04:00,4.79,4.82,4.5,4.67,468021
2019-04-15 00:00:00-04:00,4.63,4.6799,4.26,4.51,534178
2019-04-16 00:00:00-04:00,4.52,4.53,4.3,4.34,430082
2019-04-17 00:00:00-04:00,4.36,4.52,3.92,4.39,939290
2019-04-18 00:00:00-04:00,4.44,4.4689,4.23,4.3,288375
2019-04-22 00:00:00-04:00,4.3,4.3864,4.11,4.145,321900
2019-04-23 00:00:00-04:00,4.19,4.71,4.1,4.64,668178
2019-04-24 00:00:00-04:00,4.65,4.89,4.4,4.76,963772
2019-04-25 00:00:00-04:00,4.76,4.95,4.66,4.74,418786
2019-04-26 00:00:00-04:00,4.75,4.98,4.65,4.88,491710
2019-04-29 00:00:00-04:00,4.91,4.91,4.4,4.49,578893
2019-04-30 00:00:00-04:00,4.53,4.53,4.16,4.2899,482809
2019-05-01 00:00:00-04:00,4.25,4.36,4.1401,4.36,350008
2019-05-02 00:00:00-04:00,4.33,4.47,4.18,4.45,302969
2019-05-03 00:00:00-04:00,4.44,4.66,4.4,4.6,351929
2019-05-06 00:00:00-04:00,4.53,4.7,4.4,4.65,225548
2019-05-07 00:00:00-04:00,4.63,4.68,4.45,4.51,168029
2019-05-08 00:00:00-04:00,4.51,4.645,4.45,4.61,222634
2019-05-09 00:00:00-04:00,4.59,4.63,4.45,4.49,163816
2019-05-10 00:00:00-04:00,4.43,4.57,4.31,4.55,222917
2019-05-13 00:00:00-04:00,4.47,4.65,4.32,4.65,225155
2019-05-14 00:00:00-04:00,4.64,4.9,4.52,4.73,321365
2019-05-15 00:00:00-04:00,4.7,4.93,4.65,4.83,418280
2019-05-16 00:00:00-04:00,4.82,4.97,4.65,4.67,246280
2019-05-17 00:00:00-04:00,4.67,4.735,4.5,4.55,176672
2019-05-20 00:00:00-04:00,4.56,4.7,4.45,4.66,377839
2019-05-21 00:00:00-04:00,4.66,4.83,4.46,4.52,334874
2019-05-22 00:00:00-04:00,4.52,4.5644,4.25,4.25,287593
2019-05-23 00:00:00-04:00,4.25,4.35,3.99,4.01,1101187
2019-05-24 00:00:00-04:00,4.08,4.25,3.9,4.02,536073
2019-05-28 00:00:00-04:00,4.03,4.25,3.94,4.13,312241
2019-05-29 00:00:00-04:00,4.09,4.09,3.93,4.07,155216
2019-05-30 00:00:00-04:00,4.07,4.2017,3.81,4.03,655126
2019-05-31 00:00:00-04:00,4.04,4.05,4.03,4.04,3508
2019-06-03 00:00:00-04:00,4.04,4.05,3.81,3.91,435790
2019-06-04 00:00:00-04:00,4.1,4.1,3.95,4.0499,364331
2019-06-05 00:00:00-04:00,4.04,4.07,3.84,3.94,212130
2019-06-06 00:00:00-04:00,3.93,3.99,3.86,3.86,195032
2019-06-07 00:00:00-04:00,3.88,4.15,3.85,3.97,397829
2019-06-10 00:00:00-04:00,3.97,4.1,3.58,3.74,603678
2019-06-11 00:00:00-04:00,3.75,3.9189,3.5563,3.63,241437
2019-06-12 00:00:00-04:00,3.61,3.6588,3.56,3.65,190527
2019-06-13 00:00:00-04:00,3.65,3.72,3.55,3.655,524531
2019-06-14 00:00:00-04:00,3.64,3.74,3.605,3.72,468254
2019-06-17 00:00:00-04:00,3.7,3.88,3.66,3.74,208006
2019-06-18 00:00:00-04:00,3.89,3.9921,3.75,3.86,169442
2019-06-19 00:00:00-04:00,3.86,4.04,3.76,3.99,301373
2019-06-20 00:00:00-04:00,4.09,4.1,3.92,4.09,199987
2019-06-21 00:00:00-04:00,4.08,4.21,3.93,4.07,241459
2019-06-24 00:00:00-04:00,4.03,4.16,4.01,4.11,252303
2019-06-25 00:00:00-04:00,4.1,4.17,3.905,3.92,214785
2019-06-26 00:00:00-04:00,3.92,3.98,3.82,3.87,125684
2019-06-27 00:00:00-04:00,3.88,4.03,3.81,4.03,243130
2019-06-28 00:00:00-04:00,4.11,4.215,3.98,4.16,692008
2019-07-01 00:00:00-04:00,4.14,4.2,3.97,4.06,271915
2019-07-02 00:00:00-04:00,3.97,4.05,3.82,3.905,236735
2019-07-03 00:00:00-04:00,3.91,4.02,3.91,3.97,143007
2019-07-05 00:00:00-04:00,3.92,4.0304,3.84,3.97,111508
2019-07-08 00:00:00-04:00,3.94,4.06,3.892,4.06,195409
2019-07-09 00:00:00-04:00,4.04,4.04,3.925,4,211079
2019-07-10 00:00:00-04:00,3.98,4.08,3.95,4,233350
2019-07-11 00:00:00-04:00,4.01,4.07,3.97,3.99,196654
2019-07-12 00:00:00-04:00,4.02,4.035,3.92,3.92,177433
2019-07-15 00:00:00-04:00,3.93,3.98,3.84,3.96,178111
2019-07-16 00:00:00-04:00,3.95,4.04,3.86,3.9,213397
2019-07-17 00:00:00-04:00,3.88,3.9779,3.84,3.9,194611
2019-07-18 00:00:00-04:00,3.94,3.97,3.86,3.91,162786
2019-07-19 00:00:00-04:00,3.91,4,3.89,4,167151
2019-07-22 00:00:00-04:00,4,4.03,3.9,3.95,205466
2019-07-23 00:00:00-04:00,3.98,4,3.91,3.94,211598
2019-07-24 00:00:00-04:00,3.93,3.99,3.845,3.91,176923
2019-07-25 00:00:00-04:00,3.91,3.91,3.68,3.7,242730
2019-07-26 00:00:00-04:00,3.71,3.84,3.6601,3.805,210839
2019-07-29 00:00:00-04:00,3.8,3.82,3.73,3.8,102377
2019-07-30 00:00:00-04:00,3.76,3.82,3.7504,3.78,86594
2019-07-31 00:00:00-04:00,3.78,3.9,3.7,3.7,209539
2019-08-01 00:00:00-04:00,3.7,3.79,3.56,3.61,231928
2019-08-02 00:00:00-04:00,3.6,3.7419,3.28,3.36,364795
2019-08-05 00:00:00-04:00,3.42,3.58,3.31,3.32,316561
2019-08-06 00:00:00-04:00,3.35,3.47,3.2062,3.25,241572
2019-08-07 00:00:00-04:00,3.25,3.325,3.16,3.315,281152
2019-08-08 00:00:00-04:00,3.33,3.545,3.26,3.52,246378
2019-08-09 00:00:00-04:00,3.81,3.81,3.35,3.35,223268
2019-08-12 00:00:00-04:00,3.28,3.65,3.21,3.62,348798
2019-08-13 00:00:00-04:00,3.61,3.7046,3.44,3.445,334247
2019-08-14 00:00:00-04:00,3.57,3.6,3.33,3.33,333313
2019-08-15 00:00:00-04:00,3.34,3.39,3.16,3.33,432497
2019-08-16 00:00:00-04:00,3.36,3.4825,3.28,3.39,137645
2019-08-19 00:00:00-04:00,3.49,3.49,3.35,3.4,197856
2019-08-20 00:00:00-04:00,3.42,3.42,3.35,3.39,154119
2019-08-21 00:00:00-04:00,3.42,3.475,3.32,3.39,183522
2019-08-22 00:00:00-04:00,3.36,3.4299,3.165,3.2,321051
2019-08-23 00:00:00-04:00,3.16,3.1652,2.94,3.03,587028
2019-08-26 00:00:00-04:00,3.03,3.365,3.03,3.17,327381
2019-08-27 00:00:00-04:00,3.18,3.28,2.97,2.99,316986
2019-08-28 00:00:00-04:00,3.02,3.25,2.96,3.16,244789
2019-08-29 00:00:00-04:00,3.24,3.33,3.18,3.31,207023
2019-08-30 00:00:00-04:00,3.35,3.44,3.23,3.34,139104
2019-09-03 00:00:00-04:00,3.26,3.38,3.19,3.22,112721
2019-09-04 00:00:00-04:00,3.28,3.32,3.2,3.27,103374
2019-09-05 00:00:00-04:00,3.29,3.42,3.24,3.405,164320
2019-09-06 00:00:00-04:00,3.38,3.8,3.35,3.78,278458
2019-09-09 00:00:00-04:00,3.79,3.91,3.7,3.75,263687
2019-09-10 00:00:00-04:00,3.76,3.76,3.57,3.59,336344
2019-09-11 00:00:00-04:00,3.61,3.87,3.5797,3.78,223766
2019-09-12 00:00:00-04:00,3.78,3.78,3.49,3.53,351022
2019-09-13 00:00:00-04:00,3.54,3.66,3.53,3.6,123333
2019-09-16 00:00:00-04:00,3.61,3.71,3.46,3.47,295317
2019-09-17 00:00:00-04:00,3.59,3.73,3.53,3.58,238929
2019-09-18 00:00:00-04:00,3.59,3.94,3.57,3.89,412117
2019-09-19 00:00:00-04:00,3.93,3.9683,3.67,3.695,287955
2019-09-20 00:00:00-04:00,3.68,3.89,3.68,3.77,347103
2019-09-23 00:00:00-04:00,3.68,3.89,3.54,3.61,239327
2019-09-24 00:00:00-04:00,3.61,3.65,3.45,3.48,227448
2019-09-25 00:00:00-04:00,3.46,3.74,3.46,3.73,222086
2019-09-26 00:00:00-04:00,3.7,3.7217,3.56,3.62,125774
2019-09-27 00:00:00-04:00,3.65,3.7,3.59,3.63,109921
2019-09-30 00:00:00-04:00,3.61,3.6839,3.6,3.67,144762
2019-10-01 00:00:00-04:00,3.68,3.744,3.61,3.65,135290
2019-10-02 00:00:00-04:00,3.65,3.9,3.61,3.83,213513
2019-10-03 00:00:00-04:00,3.8,3.85,3.74,3.81,118355
2019-10-04 00:00:00-04:00,3.83,3.89,3.75,3.85,208028
2019-10-07 00:00:00-04:00,3.81,4.23,3.7948,4.1561,1208824
2019-10-08 00:00:00-04:00,4.21,4.25,3.94,4.12,562567
2019-10-09 00:00:00-04:00,4.16,4.3136,3.88,3.9,1092324
2019-10-10 00:00:00-04:00,3.87,3.91,3.7,3.88,530809
2019-10-11 00:00:00-04:00,3.92,4.1327,3.91,4.07,616340
2019-10-14 00:00:00-04:00,4.028,4.03,3.81,3.88,458760
2019-10-15 00:00:00-04:00,3.9,4.04,3.85,3.91,446126
2019-10-16 00:00:00-04:00,3.86,3.97,3.8,3.87,276439
2019-10-17 00:00:00-04:00,3.92,4,3.8392,4,180682
2019-10-18 00:00:00-04:00,3.97,3.9822,3.8,3.81,338122
2019-10-21 00:00:00-04:00,3.89,3.98,3.84,3.95,130250
2019-10-22 00:00:00-04:00,3.97,4.01,3.9,4.01,88107
2019-10-23 00:00:00-04:00,4.01,4.38,3.98,4.27,374477
2019-10-24 00:00:00-04:00,4.26,4.27,4,4.01,141407
2019-10-25 00:00:00-04:00,4.01,4.2,3.95,3.9561,141905
2019-10-28 00:00:00-04:00,3.95,4.13,3.95,4.07,104053
2019-10-29 00:00:00-04:00,4.06,4.17,3.97,4.11,106806
2019-10-30 00:00:00-04:00,4.13,4.13,3.95,3.95,140406
2019-10-31 00:00:00-04:00,3.96,4.09,3.8373,3.99,132309
2019-11-01 00:00:00-04:00,4.05,4.09,3.96,3.99,82429
2019-11-04 00:00:00-05:00,4.02,4.064,3.96,3.98,118549
2019-11-05 00:00:00-05:00,4.04,4.04,3.88,3.91,131628
2019-11-06 00:00:00-05:00,3.92,3.96,3.85,3.87,72655
2019-11-07 00:00:00-05:00,3.87,3.97,3.82,3.95,103633
2019-11-08 00:00:00-05:00,3.94,3.99,3.9,3.98,61060
2019-11-11 00:00:00-05:00,3.92,4.5,3.911,4.32,1133775
2019-11-12 00:00:00-05:00,4.13,4.2,3.56,3.6,1024965
2019-11-13 00:00:00-05:00,3.57,3.6084,3.19,3.4,528008
2019-11-14 00:00:00-05:00,3.36,3.42,3.27,3.375,309820
2019-11-15 00:00:00-05:00,3.35,3.39,3.16,3.23,332389
2019-11-18 00:00:00-05:00,3.22,3.29,3.05,3.08,397463
2019-11-19 00:00:00-05:00,3.14,3.24,3.09,3.105,273529
2019-11-20 00:00:00-05:00,3.08,3.1755,3,3.05,301030
2019-11-21 00:00:00-05:00,3.03,3.11,3,3.03,225023
2019-11-22 00:00:00-05:00,3.02,3.1101,2.9,3.1,121720
2019-11-25 00:00:00-05:00,3.09,3.15,3,3.03,271908
2019-11-26 00:00:00-05:00,3.05,3.1,3.01,3.06,222652
2019-11-27 00:00:00-05:00,3.08,3.3,3.08,3.26,294835
2019-11-29 00:00:00-05:00,3.21,3.25,3.18,3.22,188929
2019-12-02 00:00:00-05:00,3.21,3.24,3.08,3.09,286431
2019-12-03 00:00:00-05:00,3.09,3.26,3.05,3.2,175700
2019-12-04 00:00:00-05:00,3.21,3.21,2.95,3.04,553599
2019-12-05 00:00:00-05:00,3.01,3.11,2.97,3,455631
2019-12-06 00:00:00-05:00,2.96,3.04,2.8218,2.99,387194
2019-12-09 00:00:00-05:00,2.96,3.0372,2.87,2.9,242167
2019-12-10 00:00:00-05:00,2.89,2.91,2.74,2.79,316781
2019-12-11 00:00:00-05:00,2.78,2.92,2.76,2.89,225099
